,Matéria,Total_Acertos,Total_Questoes,Percentual_Acerto_Geral,STD
0,Física,180,847,0.21251475796930341,0.4093287816607732
1,Geografia ,171,847,0.20188902007083825,0.4016469898477602
2,História ,145,726,0.19972451790633608,0.40006886459550045
3,Inglês,99,605,0.16363636363636364,0.3702513912401027
4,Interdisciplinar ,156,847,0.18417945690672963,0.3878595026061366
5,Matemática,209,1089,0.1919191919191919,0.39399080975313977
6,Português ,298,1452,0.20523415977961432,0.4040117742155628
7,Química ,195,847,0.23022432113341204,0.4212250755567139
